{
    "metrics": {
        "data_received": {
            "count": 224194457,
            "rate": 747189.5226179414
        },
        "http_req_blocked": {
            "min": 0.000175,
            "med": 0.000347,
            "max": 3026.679133,
            "p(90)": 0.000405,
            "p(95)": 0.000438,
            "avg": 0.565086456739696
        },
        "http_req_waiting": {
            "max": 13219.164093,
            "p(90)": 208.5465605,
            "p(95)": 258.92211825000004,
            "avg": 54.196749909023374,
            "min": 0,
            "med": 0.660373
        },
        "vus": {
            "value": 1,
            "min": 1,
            "max": 1
        },
        "http_req_failed": {
            "passes": 0,
            "fails": 5386,
            "value": 0
        },
        "data_sent": {
            "count": 438801,
            "rate": 1462.4246919462212
        },
        "checks": {
            "passes": 10772,
            "fails": 0,
            "value": 1
        },
        "iteration_duration": {
            "max": 13219.976086,
            "p(90)": 209.496579,
            "p(95)": 260.60565925000003,
            "avg": 55.69441296045324,
            "min": 0.454874,
            "med": 1.1719789999999999
        },
        "http_reqs": {
            "count": 5386,
            "rate": 17.95032233477669
        },
        "http_req_receiving": {
            "med": 0.20726699999999998,
            "max": 220.2341,
            "p(90)": 0.490887,
            "p(95)": 0.62391425,
            "avg": 0.6578973861864083,
            "min": 0.062023
        },
        "http_req_sending": {
            "med": 0.101576,
            "max": 7.26913,
            "p(90)": 0.153829,
            "p(95)": 0.18115050000000002,
            "avg": 0.1092499873746751,
            "min": 0.02425
        },
        "http_req_connecting": {
            "avg": 0.5618343815447456,
            "min": 0,
            "med": 0,
            "max": 3023.849413,
            "p(90)": 0,
            "p(95)": 0
        },
        "vus_max": {
            "min": 1,
            "max": 1,
            "value": 1
        },
        "iterations": {
            "count": 5386,
            "rate": 17.95032233477669
        },
        "http_req_duration": {
            "avg": 54.96389728258426,
            "min": 0.375711,
            "med": 1.0021795,
            "max": 13219.773826,
            "p(90)": 209.2549525,
            "p(95)": 260.362024
        },
        "http_req_duration{expected_response:true}": {
            "min": 0.375711,
            "med": 1.0021795,
            "max": 13219.773826,
            "p(90)": 209.2549525,
            "p(95)": 260.362024,
            "avg": 54.96389728258426
        },
        "http_req_tls_handshaking": {
            "avg": 0.002602794281470479,
            "min": 0,
            "med": 0,
            "max": 2.947081,
            "p(90)": 0,
            "p(95)": 0
        }
    },
    "root_group": {
        "name": "",
        "path": "",
        "id": "d41d8cd98f00b204e9800998ecf8427e",
        "groups": {},
        "checks": {
                "status is 200": {
                    "id": "6210a8cd14cd70477eba5c5e4cb3fb5f",
                    "passes": 5386,
                    "fails": 0,
                    "name": "status is 200",
                    "path": "::status is 200"
                },
                "protocol is HTTP/2": {
                    "name": "protocol is HTTP/2",
                    "path": "::protocol is HTTP/2",
                    "id": "3d36483c1e186554563c9853a03e91fd",
                    "passes": 5386,
                    "fails": 0
                }
            }
    }
}