{
    "metrics": {
        "checks": {
            "passes": 68940,
            "fails": 0,
            "value": 1
        },
        "http_req_failed": {
            "passes": 0,
            "fails": 34470,
            "value": 0
        },
        "http_req_tls_handshaking": {
            "p(90)": 0,
            "p(95)": 0,
            "avg": 0.026932100696257618,
            "min": 0,
            "med": 0,
            "max": 212.979131
        },
        "http_reqs": {
            "count": 34470,
            "rate": 114.59724088595966
        },
        "iterations": {
            "count": 34470,
            "rate": 114.59724088595966
        },
        "http_req_duration{expected_response:true}": {
            "p(90)": 209.379368,
            "p(95)": 258.55638135,
            "avg": 51.67130239730206,
            "min": 0.314339,
            "med": 0.9936235,
            "max": 13898.141267
        },
        "http_req_sending": {
            "max": 11.476366,
            "p(90)": 0.16176370000000004,
            "p(95)": 0.22220644999999994,
            "avg": 0.11128160307513797,
            "min": 0.016624,
            "med": 0.091226
        },
        "iteration_duration": {
            "p(90)": 209.633911,
            "p(95)": 258.94563609999994,
            "avg": 52.25299299149964,
            "min": 0.363549,
            "med": 1.1531745,
            "max": 13898.300543
        },
        "http_req_waiting": {
            "min": 0,
            "med": 0.642019,
            "max": 13897.492919,
            "p(90)": 208.6076277,
            "p(95)": 255.21861829999997,
            "avg": 50.91155896469417
        },
        "http_req_connecting": {
            "avg": 0.38263287090223375,
            "min": 0,
            "med": 0,
            "max": 3030.207512,
            "p(90)": 0,
            "p(95)": 0
        },
        "http_req_duration": {
            "p(90)": 209.379368,
            "p(95)": 258.55638135,
            "avg": 51.67130239730206,
            "min": 0.314339,
            "med": 0.9936235,
            "max": 13898.141267
        },
        "vus": {
            "value": 6,
            "min": 6,
            "max": 6
        },
        "vus_max": {
            "value": 6,
            "min": 6,
            "max": 6
        },
        "data_sent": {
            "count": 2867678,
            "rate": 9533.7390933962
        },
        "http_req_blocked": {
            "avg": 0.4103582218450799,
            "min": 0.000159,
            "med": 0.000331,
            "max": 3032.663642,
            "p(90)": 0.000417,
            "p(95)": 0.0005225499999999993
        },
        "http_req_receiving": {
            "avg": 0.6484618295329306,
            "min": 0.051493,
            "med": 0.204651,
            "max": 667.202829,
            "p(90)": 0.5395546,
            "p(95)": 0.7161630999999998
        },
        "data_received": {
            "count": 1434824876,
            "rate": 4770147.140822141
        }
    },
    "root_group": {
        "name": "",
        "path": "",
        "id": "d41d8cd98f00b204e9800998ecf8427e",
        "groups": {},
        "checks": {
                "status is 200": {
                    "fails": 0,
                    "name": "status is 200",
                    "path": "::status is 200",
                    "id": "6210a8cd14cd70477eba5c5e4cb3fb5f",
                    "passes": 34470
                },
                "protocol is HTTP/2": {
                    "id": "3d36483c1e186554563c9853a03e91fd",
                    "passes": 34470,
                    "fails": 0,
                    "name": "protocol is HTTP/2",
                    "path": "::protocol is HTTP/2"
                }
            }
    }
}