{
    "metrics": {
        "iteration_duration": {
            "p(95)": 231.81197799999993,
            "avg": 62.275632693563814,
            "min": 0.340205,
            "med": 0.799,
            "max": 6673.15004,
            "p(90)": 209.552932
        },
        "http_req_connecting": {
            "p(90)": 0,
            "p(95)": 0,
            "avg": 2.0424747880538145,
            "min": 0,
            "med": 0,
            "max": 3048.567467
        },
        "vus_max": {
            "value": 6,
            "min": 6,
            "max": 6
        },
        "http_req_duration{expected_response:true}": {
            "p(90)": 209.1905692,
            "p(95)": 225.1838962,
            "avg": 59.41791595337684,
            "min": 0.284271,
            "med": 0.683409,
            "max": 6672.990648
        },
        "http_req_sending": {
            "avg": 0.01657855483692451,
            "min": 0.003791,
            "med": 0.008733,
            "max": 3.248074,
            "p(90)": 0.014035,
            "p(95)": 0.03771179999999996
        },
        "http_req_receiving": {
            "max": 224.282443,
            "p(90)": 0.18257159999999997,
            "p(95)": 0.2912861999999999,
            "avg": 0.14330566437242817,
            "min": 0.025579,
            "med": 0.064231
        },
        "http_req_blocked": {
            "p(90)": 0.002916,
            "p(95)": 0.003575,
            "avg": 2.74096789579081,
            "min": 0.000876,
            "med": 0.002016,
            "max": 3458.201612
        },
        "vus": {
            "value": 6,
            "min": 6,
            "max": 6
        },
        "http_req_waiting": {
            "med": 0.585328,
            "max": 6672.856133,
            "p(90)": 209.0422346,
            "p(95)": 224.88697959999988,
            "avg": 59.25803173416807,
            "min": 0.22973
        },
        "http_req_duration": {
            "avg": 59.41791595337684,
            "min": 0.284271,
            "med": 0.683409,
            "max": 6672.990648,
            "p(90)": 209.1905692,
            "p(95)": 225.1838962
        },
        "http_req_failed": {
            "passes": 0,
            "fails": 28913,
            "value": 0
        },
        "iterations": {
            "count": 28913,
            "rate": 96.30763583578938
        },
        "http_req_tls_handshaking": {
            "min": 0,
            "med": 0,
            "max": 1670.120375,
            "p(90)": 0,
            "p(95)": 0,
            "avg": 0.6947132232905616
        },
        "checks": {
            "fails": 0,
            "passes": 57826,
            "value": 1
        },
        "data_sent": {
            "count": 3200103,
            "rate": 10659.369638606064
        },
        "data_received": {
            "rate": 4015138.2124262117,
            "count": 1205404848
        },
        "http_reqs": {
            "count": 28913,
            "rate": 96.30763583578938
        }
    },
    "root_group": {
        "name": "",
        "path": "",
        "id": "d41d8cd98f00b204e9800998ecf8427e",
        "groups": {},
        "checks": {
                "status is 200": {
                    "passes": 28913,
                    "fails": 0,
                    "name": "status is 200",
                    "path": "::status is 200",
                    "id": "6210a8cd14cd70477eba5c5e4cb3fb5f"
                },
                "protocol is HTTP/1.1": {
                    "path": "::protocol is HTTP/1.1",
                    "id": "c3739b3e61d4b6cd5e86356814a5d436",
                    "passes": 28913,
                    "fails": 0,
                    "name": "protocol is HTTP/1.1"
                }
            }
    }
}