{
    "metrics": {
        "http_req_duration": {
            "avg": 64.84757209830143,
            "min": 0.255267,
            "med": 0.680975,
            "max": 6627.395764,
            "p(90)": 210.3166256,
            "p(95)": 304.14355850000004
        },
        "http_req_tls_handshaking": {
            "p(95)": 0,
            "avg": 0.4575934824462061,
            "min": 0,
            "med": 0,
            "max": 471.398736,
            "p(90)": 0
        },
        "data_sent": {
            "count": 488806,
            "rate": 1628.6014346297402
        },
        "iteration_duration": {
            "avg": 67.97266779252563,
            "min": 0.301598,
            "med": 0.784859,
            "max": 6627.580487,
            "p(90)": 211.27003679999999,
            "p(95)": 335.782178800001
        },
        "http_req_sending": {
            "p(95)": 0.021527500000000015,
            "avg": 0.012319174405435998,
            "min": 0.004337,
            "med": 0.009021,
            "max": 1.385209,
            "p(90)": 0.0136622
        },
        "data_received": {
            "count": 184065368,
            "rate": 613268.0907976807
        },
        "http_req_blocked": {
            "med": 0.002114,
            "max": 3039.216278,
            "p(90)": 0.0030366,
            "p(95)": 0.0036732000000000023,
            "avg": 3.022545755379384,
            "min": 0.000964
        },
        "http_req_waiting": {
            "avg": 64.71529603601363,
            "min": 0.195241,
            "med": 0.592321,
            "max": 6627.241779,
            "p(90)": 210.120307,
            "p(95)": 304.0303827
        },
        "http_req_receiving": {
            "avg": 0.11995688788221973,
            "min": 0.030484,
            "med": 0.065523,
            "max": 63.367835,
            "p(90)": 0.13996539999999996,
            "p(95)": 0.17856000000000008
        },
        "http_req_connecting": {
            "avg": 2.561652188901473,
            "min": 0,
            "med": 0,
            "max": 3036.180632,
            "p(90)": 0,
            "p(95)": 0
        },
        "http_req_failed": {
            "fails": 4415,
            "passes": 0,
            "value": 0
        },
        "http_reqs": {
            "count": 4415,
            "rate": 14.709875357279378
        },
        "checks": {
            "fails": 0,
            "passes": 8830,
            "value": 1
        },
        "vus": {
            "value": 1,
            "min": 1,
            "max": 1
        },
        "iterations": {
            "count": 4415,
            "rate": 14.709875357279378
        },
        "vus_max": {
            "value": 1,
            "min": 1,
            "max": 1
        },
        "http_req_duration{expected_response:true}": {
            "avg": 64.84757209830143,
            "min": 0.255267,
            "med": 0.680975,
            "max": 6627.395764,
            "p(90)": 210.3166256,
            "p(95)": 304.14355850000004
        }
    },
    "root_group": {
        "id": "d41d8cd98f00b204e9800998ecf8427e",
        "groups": {},
        "checks": {
                "status is 200": {
                    "name": "status is 200",
                    "path": "::status is 200",
                    "id": "6210a8cd14cd70477eba5c5e4cb3fb5f",
                    "passes": 4415,
                    "fails": 0
                },
                "protocol is HTTP/1.1": {
                    "fails": 0,
                    "name": "protocol is HTTP/1.1",
                    "path": "::protocol is HTTP/1.1",
                    "id": "c3739b3e61d4b6cd5e86356814a5d436",
                    "passes": 4415
                }
            },
        "name": "",
        "path": ""
    }
}