{
    "root_group": {
        "name": "",
        "path": "",
        "id": "d41d8cd98f00b204e9800998ecf8427e",
        "groups": {},
        "checks": {
                "status is 200": {
                    "path": "::status is 200",
                    "id": "6210a8cd14cd70477eba5c5e4cb3fb5f",
                    "passes": 5698,
                    "fails": 0,
                    "name": "status is 200"
                },
                "protocol is HTTP/2": {
                    "name": "protocol is HTTP/2",
                    "path": "::protocol is HTTP/2",
                    "id": "3d36483c1e186554563c9853a03e91fd",
                    "passes": 5698,
                    "fails": 0
                }
            }
    },
    "metrics": {
        "http_req_blocked": {
            "avg": 0.5695672402597398,
            "min": 0.000183,
            "med": 0.000335,
            "max": 3030.04099,
            "p(90)": 0.000406,
            "p(95)": 0.00046314999999999963
        },
        "http_req_waiting": {
            "max": 13515.046564,
            "p(90)": 209.4929953,
            "p(95)": 258.97693094999994,
            "avg": 51.557972548613414,
            "min": 0,
            "med": 0.638118
        },
        "iterations": {
            "rate": 18.97517900930936,
            "count": 5698
        },
        "http_reqs": {
            "count": 5698,
            "rate": 18.97517900930936
        },
        "http_req_failed": {
            "passes": 0,
            "fails": 5698,
            "value": 0
        },
        "iteration_duration": {
            "avg": 52.684016715163246,
            "min": 0.407759,
            "med": 1.1201685000000001,
            "max": 13515.534804,
            "p(90)": 210.1104167,
            "p(95)": 259.6312229
        },
        "http_req_connecting": {
            "min": 0,
            "med": 0,
            "max": 3027.51803,
            "p(90)": 0,
            "p(95)": 0,
            "avg": 0.5316704048789049
        },
        "checks": {
            "passes": 11396,
            "fails": 0,
            "value": 1
        },
        "http_req_duration": {
            "p(95)": 259.37047699999994,
            "avg": 51.95928499385761,
            "min": 0.349405,
            "med": 0.9904999999999999,
            "max": 13515.387035,
            "p(90)": 209.911364
        },
        "http_req_tls_handshaking": {
            "p(90)": 0,
            "p(95)": 0,
            "avg": 0.03727508318708319,
            "min": 0,
            "med": 0,
            "max": 202.336611
        },
        "vus_max": {
            "value": 1,
            "min": 1,
            "max": 1
        },
        "http_req_sending": {
            "avg": 0.13037084029484047,
            "min": 0.016619,
            "med": 0.1034385,
            "max": 21.055225,
            "p(90)": 0.168,
            "p(95)": 0.21990174999999987
        },
        "data_sent": {
            "count": 454268,
            "rate": 1512.7793292735953
        },
        "vus": {
            "value": 1,
            "min": 1,
            "max": 1
        },
        "http_req_duration{expected_response:true}": {
            "avg": 51.95928499385761,
            "min": 0.349405,
            "med": 0.9904999999999999,
            "max": 13515.387035,
            "p(90)": 209.911364,
            "p(95)": 259.37047699999994
        },
        "http_req_receiving": {
            "p(95)": 0.51974415,
            "avg": 0.2709416049491055,
            "min": 0.062381,
            "med": 0.191107,
            "max": 15.242385,
            "p(90)": 0.42435510000000004
        },
        "data_received": {
            "count": 237182993,
            "rate": 789854.291003645
        }
    }
}