{
    "root_group": {
        "groups": {},
        "checks": {
                "status is 200": {
                    "name": "status is 200",
                    "path": "::status is 200",
                    "id": "6210a8cd14cd70477eba5c5e4cb3fb5f",
                    "passes": 28638,
                    "fails": 0
                },
                "protocol is HTTP/1.1": {
                    "name": "protocol is HTTP/1.1",
                    "path": "::protocol is HTTP/1.1",
                    "id": "c3739b3e61d4b6cd5e86356814a5d436",
                    "passes": 28638,
                    "fails": 0
                }
            },
        "name": "",
        "path": "",
        "id": "d41d8cd98f00b204e9800998ecf8427e"
    },
    "metrics": {
        "data_sent": {
            "count": 3169876,
            "rate": 10544.680926781748
        },
        "data_received": {
            "count": 1193940900,
            "rate": 3971677.704722404
        },
        "iteration_duration": {
            "max": 15437.54438,
            "p(90)": 209.5106941,
            "p(95)": 241.43338084999985,
            "avg": 62.891909358265266,
            "min": 0.298826,
            "med": 0.779523
        },
        "checks": {
            "passes": 57276,
            "fails": 0,
            "value": 1
        },
        "vus_max": {
            "value": 6,
            "min": 6,
            "max": 6
        },
        "http_req_tls_handshaking": {
            "avg": 0.6439733934632307,
            "min": 0,
            "med": 0,
            "max": 1663.202104,
            "p(90)": 0,
            "p(95)": 0
        },
        "http_req_sending": {
            "min": 0.00401,
            "med": 0.008697,
            "max": 8.290851,
            "p(90)": 0.014381499999999997,
            "p(95)": 0.040715849999999956,
            "avg": 0.01683853889936446
        },
        "http_req_waiting": {
            "max": 6820.405396,
            "p(90)": 208.99041409999998,
            "p(95)": 228.92305469999957,
            "avg": 58.93299178570437,
            "min": 0.171097,
            "med": 0.5649885
        },
        "vus": {
            "value": 6,
            "min": 6,
            "max": 6
        },
        "http_req_duration": {
            "avg": 59.12575290268208,
            "min": 0.248981,
            "med": 0.666328,
            "max": 6820.493419,
            "p(90)": 209.12942959999998,
            "p(95)": 229.4790060999999
        },
        "http_req_duration{expected_response:true}": {
            "max": 6820.493419,
            "p(90)": 209.12942959999998,
            "p(95)": 229.4790060999999,
            "avg": 59.12575290268208,
            "min": 0.248981,
            "med": 0.666328
        },
        "http_req_connecting": {
            "avg": 3.000297396745583,
            "min": 0,
            "med": 0,
            "max": 15434.094221,
            "p(90)": 0,
            "p(95)": 0
        },
        "iterations": {
            "count": 28638,
            "rate": 95.26510575845103
        },
        "http_reqs": {
            "count": 28638,
            "rate": 95.26510575845103
        },
        "http_req_receiving": {
            "med": 0.0679945,
            "max": 660.773295,
            "p(90)": 0.18568379999999998,
            "p(95)": 0.2870221499999998,
            "avg": 0.17592257807807718,
            "min": 0.024102
        },
        "http_req_failed": {
            "passes": 0,
            "fails": 28638,
            "value": 0
        },
        "http_req_blocked": {
            "avg": 3.6480136981633,
            "min": 0.000836,
            "med": 0.00201,
            "max": 15436.214846,
            "p(90)": 0.002962,
            "p(95)": 0.003542
        }
    }
}