{
    "root_group": {
        "groups": {},
        "checks": {
                "status is 200": {
                    "name": "status is 200",
                    "path": "::status is 200",
                    "id": "6210a8cd14cd70477eba5c5e4cb3fb5f",
                    "passes": 3938,
                    "fails": 0
                },
                "protocol is HTTP/1.1": {
                    "id": "c3739b3e61d4b6cd5e86356814a5d436",
                    "passes": 3938,
                    "fails": 0,
                    "name": "protocol is HTTP/1.1",
                    "path": "::protocol is HTTP/1.1"
                }
            },
        "name": "",
        "path": "",
        "id": "d41d8cd98f00b204e9800998ecf8427e"
    },
    "metrics": {
        "http_req_duration": {
            "max": 6749.82287,
            "p(90)": 214.2879245,
            "p(95)": 413.88429419999994,
            "avg": 72.78174600380889,
            "min": 0.291713,
            "med": 0.8239845
        },
        "http_req_tls_handshaking": {
            "min": 0,
            "med": 0,
            "max": 833.37688,
            "p(90)": 0,
            "p(95)": 0,
            "avg": 0.446269064753682
        },
        "checks": {
            "passes": 7876,
            "fails": 0,
            "value": 1
        },
        "http_req_connecting": {
            "p(95)": 0,
            "avg": 2.84841912087354,
            "min": 0,
            "med": 0,
            "max": 3033.98904,
            "p(90)": 0
        },
        "http_req_receiving": {
            "avg": 3.24941913001524,
            "min": 0.034076,
            "med": 0.1328805,
            "max": 1557.377766,
            "p(90)": 0.4615887000000001,
            "p(95)": 0.6777198999999992
        },
        "data_received": {
            "count": 164178641,
            "rate": 546961.01874939
        },
        "vus": {
            "value": 1,
            "min": 1,
            "max": 1
        },
        "http_req_failed": {
            "passes": 0,
            "fails": 3938,
            "value": 0
        },
        "http_req_waiting": {
            "p(90)": 210.42677770000003,
            "p(95)": 329.0325056499987,
            "avg": 69.51554798527152,
            "min": 0.229568,
            "med": 0.6428845,
            "max": 6749.700177
        },
        "data_sent": {
            "count": 435942,
            "rate": 1452.34044442874
        },
        "iterations": {
            "count": 3938,
            "rate": 13.119444031913371
        },
        "http_req_duration{expected_response:true}": {
            "p(90)": 214.2879245,
            "p(95)": 413.88429419999994,
            "avg": 72.78174600380889,
            "min": 0.291713,
            "med": 0.8239845,
            "max": 6749.82287
        },
        "vus_max": {
            "max": 1,
            "value": 1,
            "min": 1
        },
        "http_reqs": {
            "count": 3938,
            "rate": 13.119444031913371
        },
        "iteration_duration": {
            "p(95)": 414.43570829999993,
            "avg": 76.21114813991896,
            "min": 0.348368,
            "med": 0.9487155,
            "max": 6749.944288,
            "p(90)": 214.7419514
        },
        "http_req_blocked": {
            "avg": 3.2986456691213717,
            "min": 0.001099,
            "med": 0.002282,
            "max": 3036.158843,
            "p(90)": 0.0037646000000000003,
            "p(95)": 0.004774999999999993
        },
        "http_req_sending": {
            "med": 0.01019,
            "max": 0.53061,
            "p(90)": 0.018538400000000003,
            "p(95)": 0.03456124999999993,
            "avg": 0.01677888852209246,
            "min": 0.005008
        }
    }
}