{
    "metrics": {
        "http_reqs": {
            "count": 4778,
            "rate": 15.91573042333818
        },
        "http_req_sending": {
            "avg": 0.014636736709920441,
            "min": 0.00482,
            "med": 0.0093005,
            "max": 8.848074,
            "p(90)": 0.0138522,
            "p(95)": 0.02266064999999996
        },
        "vus": {
            "min": 1,
            "max": 1,
            "value": 1
        },
        "iteration_duration": {
            "max": 3335.180251,
            "p(90)": 209.92344889999998,
            "p(95)": 243.1268259999998,
            "avg": 62.82099848011712,
            "min": 0.409847,
            "med": 0.8113765
        },
        "iterations": {
            "count": 4778,
            "rate": 15.91573042333818
        },
        "http_req_connecting": {
            "p(90)": 0,
            "p(95)": 0,
            "avg": 2.5668127731268315,
            "min": 0,
            "med": 0,
            "max": 3073.411152
        },
        "http_req_tls_handshaking": {
            "max": 417.357648,
            "p(90)": 0,
            "p(95)": 0,
            "avg": 0.5014673089158644,
            "min": 0,
            "med": 0
        },
        "checks": {
            "passes": 9556,
            "fails": 0,
            "value": 1
        },
        "http_req_blocked": {
            "max": 3075.907769,
            "p(90)": 0.003070200000000001,
            "p(95)": 0.003778899999999998,
            "avg": 3.0721569204688164,
            "min": 0.001093,
            "med": 0.002155
        },
        "http_req_receiving": {
            "p(95)": 0.17399634999999994,
            "avg": 0.24316854855588105,
            "min": 0.033444,
            "med": 0.065685,
            "max": 347.792484,
            "p(90)": 0.13819030000000002
        },
        "http_req_failed": {
            "passes": 0,
            "fails": 4778,
            "value": 0
        },
        "data_received": {
            "count": 199197929,
            "rate": 663537.1575661906
        },
        "vus_max": {
            "value": 1,
            "min": 1,
            "max": 1
        },
        "http_req_duration{expected_response:true}": {
            "avg": 59.62473252176644,
            "min": 0.358285,
            "med": 0.7055855,
            "max": 3335.068869,
            "p(90)": 209.5267156,
            "p(95)": 232.19646254999967
        },
        "data_sent": {
            "rate": 1761.2631091453904,
            "count": 528742
        },
        "http_req_duration": {
            "avg": 59.62473252176644,
            "min": 0.358285,
            "med": 0.7055855,
            "max": 3335.068869,
            "p(90)": 209.5267156,
            "p(95)": 232.19646254999967
        },
        "http_req_waiting": {
            "avg": 59.366927236500764,
            "min": 0.276398,
            "med": 0.620039,
            "max": 3334.917542,
            "p(90)": 209.345592,
            "p(95)": 230.62556884999995
        }
    },
    "root_group": {
        "name": "",
        "path": "",
        "id": "d41d8cd98f00b204e9800998ecf8427e",
        "groups": {},
        "checks": {
                "status is 200": {
                    "name": "status is 200",
                    "path": "::status is 200",
                    "id": "6210a8cd14cd70477eba5c5e4cb3fb5f",
                    "passes": 4778,
                    "fails": 0
                },
                "protocol is HTTP/1.1": {
                    "name": "protocol is HTTP/1.1",
                    "path": "::protocol is HTTP/1.1",
                    "id": "c3739b3e61d4b6cd5e86356814a5d436",
                    "passes": 4778,
                    "fails": 0
                }
            }
    }
}