{
    "root_group": {
        "groups": {},
        "checks": {
                "status is 200": {
                    "name": "status is 200",
                    "path": "::status is 200",
                    "id": "6210a8cd14cd70477eba5c5e4cb3fb5f",
                    "passes": 5518,
                    "fails": 0
                },
                "protocol is HTTP/2": {
                    "fails": 0,
                    "name": "protocol is HTTP/2",
                    "path": "::protocol is HTTP/2",
                    "id": "3d36483c1e186554563c9853a03e91fd",
                    "passes": 5518
                }
            },
        "name": "",
        "path": "",
        "id": "d41d8cd98f00b204e9800998ecf8427e"
    },
    "metrics": {
        "http_req_waiting": {
            "avg": 53.75923730808266,
            "min": 0,
            "med": 0.6432705,
            "max": 3349.455786,
            "p(90)": 211.0780691,
            "p(95)": 263.08794889999984
        },
        "iteration_duration": {
            "min": 0.450547,
            "med": 1.0691410000000001,
            "max": 3350.073247,
            "p(90)": 211.56149010000001,
            "p(95)": 263.58284874999987,
            "avg": 54.39349539180861
        },
        "http_req_tls_handshaking": {
            "avg": 0.002452066509604929,
            "min": 0,
            "med": 0,
            "max": 2.894766,
            "p(90)": 0,
            "p(95)": 0
        },
        "data_sent": {
            "rate": 1463.317156302722,
            "count": 439294
        },
        "http_req_connecting": {
            "avg": 0.184020388909025,
            "min": 0,
            "med": 0,
            "max": 1013.496284,
            "p(90)": 0,
            "p(95)": 0
        },
        "http_req_sending": {
            "med": 0.07972,
            "max": 11.688874,
            "p(90)": 0.1335953,
            "p(95)": 0.15859654999999992,
            "avg": 0.09778787314244271,
            "min": 0.01559
        },
        "http_req_duration{expected_response:true}": {
            "avg": 54.08452101286682,
            "min": 0.381729,
            "med": 0.946415,
            "max": 3349.847614,
            "p(90)": 211.4013858,
            "p(95)": 263.3771560499999
        },
        "vus": {
            "min": 1,
            "max": 1,
            "value": 1
        },
        "http_req_receiving": {
            "avg": 0.22749583164189857,
            "min": 0.070235,
            "med": 0.17981999999999998,
            "max": 16.408862,
            "p(90)": 0.33888050000000003,
            "p(95)": 0.41440774999999963
        },
        "data_received": {
            "count": 229688693,
            "rate": 765108.1168321191
        },
        "http_reqs": {
            "count": 5518,
            "rate": 18.380820290007193
        },
        "http_req_blocked": {
            "p(95)": 0.000408,
            "avg": 0.1871136786879309,
            "min": 0.000176,
            "med": 0.000351,
            "max": 1016.084735,
            "p(90)": 0.000396
        },
        "checks": {
            "passes": 11036,
            "fails": 0,
            "value": 1
        },
        "vus_max": {
            "value": 1,
            "min": 1,
            "max": 1
        },
        "iterations": {
            "count": 5518,
            "rate": 18.380820290007193
        },
        "http_req_duration": {
            "p(90)": 211.4013858,
            "p(95)": 263.3771560499999,
            "avg": 54.08452101286682,
            "min": 0.381729,
            "med": 0.946415,
            "max": 3349.847614
        },
        "http_req_failed": {
            "fails": 5518,
            "passes": 0,
            "value": 0
        }
    }
}