{
    "root_group": {
        "id": "d41d8cd98f00b204e9800998ecf8427e",
        "groups": {},
        "checks": {
                "status is 200": {
                    "name": "status is 200",
                    "path": "::status is 200",
                    "id": "6210a8cd14cd70477eba5c5e4cb3fb5f",
                    "passes": 27255,
                    "fails": 0
                },
                "protocol is HTTP/1.1": {
                    "name": "protocol is HTTP/1.1",
                    "path": "::protocol is HTTP/1.1",
                    "id": "c3739b3e61d4b6cd5e86356814a5d436",
                    "passes": 27255,
                    "fails": 0
                }
            },
        "name": "",
        "path": ""
    },
    "metrics": {
        "http_req_blocked": {
            "max": 15456.773085,
            "p(90)": 0.003963,
            "p(95)": 0.005958,
            "avg": 5.29601889304712,
            "min": 0.000954,
            "med": 0.002195
        },
        "data_sent": {
            "count": 3016881,
            "rate": 10023.342626358271
        },
        "iteration_duration": {
            "p(90)": 211.9546624,
            "p(95)": 264.1444131,
            "avg": 66.10191886197033,
            "min": 0.34983,
            "med": 0.953152,
            "max": 15458.373784
        },
        "checks": {
            "passes": 54510,
            "fails": 0,
            "value": 1
        },
        "http_req_tls_handshaking": {
            "p(95)": 0,
            "avg": 0.6564822565400843,
            "min": 0,
            "med": 0,
            "max": 839.394518,
            "p(90)": 0
        },
        "http_req_sending": {
            "avg": 0.02066614613832315,
            "min": 0.0042,
            "med": 0.009932,
            "max": 4.528204,
            "p(90)": 0.029017000000000022,
            "p(95)": 0.052270399999999995
        },
        "http_req_duration{expected_response:true}": {
            "min": 0.30154,
            "med": 0.812194,
            "max": 6429.022544,
            "p(90)": 211.0281338,
            "p(95)": 246.7133926999998,
            "avg": 60.650553160888656
        },
        "http_req_receiving": {
            "avg": 2.4039562774169805,
            "min": 0.027408,
            "med": 0.128728,
            "max": 1537.697674,
            "p(90)": 0.48772520000000014,
            "p(95)": 0.7790281999999991
        },
        "http_req_connecting": {
            "p(95)": 0,
            "avg": 4.6349052264905515,
            "min": 0,
            "med": 0,
            "max": 15454.755536,
            "p(90)": 0
        },
        "vus_max": {
            "value": 6,
            "min": 6,
            "max": 6
        },
        "http_req_waiting": {
            "min": 0.22104,
            "med": 0.621189,
            "max": 6427.608629,
            "p(90)": 209.4549142,
            "p(95)": 225.5872536,
            "avg": 58.22593073733249
        },
        "vus": {
            "min": 6,
            "max": 6,
            "value": 6
        },
        "http_req_duration": {
            "avg": 60.650553160888656,
            "min": 0.30154,
            "med": 0.812194,
            "max": 6429.022544,
            "p(90)": 211.0281338,
            "p(95)": 246.7133926999998
        },
        "data_received": {
            "count": 1136283684,
            "rate": 3775210.452607382
        },
        "http_req_failed": {
            "passes": 0,
            "fails": 27255,
            "value": 0
        },
        "iterations": {
            "count": 27255,
            "rate": 90.55252868157368
        },
        "http_reqs": {
            "count": 27255,
            "rate": 90.55252868157368
        }
    }
}