{
    "metrics": {
        "http_reqs": {
            "count": 31270,
            "rate": 104.02471070040815
        },
        "http_req_receiving": {
            "avg": 0.25217925615606057,
            "min": 0.056596,
            "med": 0.19175150000000002,
            "max": 16.39246,
            "p(90)": 0.41868380000000005,
            "p(95)": 0.5014140999999999
        },
        "vus": {
            "value": 6,
            "min": 6,
            "max": 6
        },
        "vus_max": {
            "min": 6,
            "max": 6,
            "value": 6
        },
        "http_req_tls_handshaking": {
            "max": 831.934723,
            "p(90)": 0,
            "p(95)": 0,
            "avg": 0.08104849078989446,
            "min": 0,
            "med": 0
        },
        "http_req_duration": {
            "avg": 57.08433293402584,
            "min": 0.355217,
            "med": 0.9724815,
            "max": 13256.618235,
            "p(90)": 211.62792960000004,
            "p(95)": 259.9937247
        },
        "iteration_duration": {
            "p(95)": 260.31645849999995,
            "avg": 57.5941438874639,
            "min": 0.40343,
            "med": 1.1109680000000002,
            "max": 13256.788405,
            "p(90)": 211.81382090000002
        },
        "http_req_connecting": {
            "min": 0,
            "med": 0,
            "max": 3038.422059,
            "p(90)": 0,
            "p(95)": 0,
            "avg": 0.29193231989126955
        },
        "http_req_sending": {
            "avg": 0.09262297828589756,
            "min": 0.014044,
            "med": 0.076108,
            "max": 15.368536,
            "p(90)": 0.131116,
            "p(95)": 0.1641782499999999
        },
        "data_received": {
            "rate": 4330077.5413844185,
            "count": 1301628467
        },
        "checks": {
            "passes": 62540,
            "fails": 0,
            "value": 1
        },
        "http_req_failed": {
            "passes": 0,
            "fails": 31270,
            "value": 0
        },
        "http_req_blocked": {
            "avg": 0.373667288775178,
            "min": 0.000162,
            "med": 0.000335,
            "max": 3243.998399,
            "p(90)": 0.000385,
            "p(95)": 0.000402
        },
        "http_req_duration{expected_response:true}": {
            "avg": 57.08433293402584,
            "min": 0.355217,
            "med": 0.9724815,
            "max": 13256.618235,
            "p(90)": 211.62792960000004,
            "p(95)": 259.9937247
        },
        "http_req_waiting": {
            "max": 13256.279998,
            "p(90)": 211.2471803,
            "p(95)": 259.63805085,
            "avg": 56.73953069958433,
            "min": 0,
            "med": 0.6375765
        },
        "data_sent": {
            "count": 2597004,
            "rate": 8639.353686850105
        },
        "iterations": {
            "count": 31270,
            "rate": 104.02471070040815
        }
    },
    "root_group": {
        "name": "",
        "path": "",
        "id": "d41d8cd98f00b204e9800998ecf8427e",
        "groups": {},
        "checks": {
                "status is 200": {
                    "passes": 31270,
                    "fails": 0,
                    "name": "status is 200",
                    "path": "::status is 200",
                    "id": "6210a8cd14cd70477eba5c5e4cb3fb5f"
                },
                "protocol is HTTP/2": {
                    "id": "3d36483c1e186554563c9853a03e91fd",
                    "passes": 31270,
                    "fails": 0,
                    "name": "protocol is HTTP/2",
                    "path": "::protocol is HTTP/2"
                }
            }
    }
}