{
    "metrics": {
        "http_req_blocked": {
            "min": 0.000162,
            "med": 0.000336,
            "max": 7157.760959,
            "p(90)": 0.000389,
            "p(95)": 0.000407,
            "avg": 0.7134805087534289
        },
        "http_req_failed": {
            "passes": 1,
            "fails": 35071,
            "value": 0.000028512773722627736
        },
        "data_sent": {
            "rate": 9647.35164372049,
            "count": 2895922
        },
        "data_received": {
            "count": 1459863968,
            "rate": 4863328.864276426
        },
        "http_reqs": {
            "rate": 116.83737229406213,
            "count": 35072
        },
        "vus_max": {
            "value": 6,
            "min": 6,
            "max": 6
        },
        "http_req_duration": {
            "p(95)": 255.30100445,
            "avg": 50.47290038415299,
            "min": 0.323649,
            "med": 0.955008,
            "max": 13243.062059,
            "p(90)": 208.9580814
        },
        "http_req_tls_handshaking": {
            "p(90)": 0,
            "p(95)": 0,
            "avg": 0.044491472513686126,
            "min": 0,
            "med": 0,
            "max": 433.53944
        },
        "vus": {
            "value": 6,
            "min": 6,
            "max": 6
        },
        "iterations": {
            "count": 35072,
            "rate": 116.83737229406213
        },
        "http_req_connecting": {
            "med": 0,
            "max": 7155.664119,
            "p(90)": 0,
            "p(95)": 0,
            "avg": 0.6681414486484945,
            "min": 0
        },
        "http_req_receiving": {
            "p(95)": 0.5019256999999999,
            "avg": 0.2520861871008206,
            "min": 0.062141,
            "med": 0.19554549999999998,
            "max": 15.761518,
            "p(90)": 0.4175905
        },
        "iteration_duration": {
            "p(90)": 209.1566726,
            "p(95)": 255.65955624999998,
            "avg": 51.325788604071846,
            "min": 0.382144,
            "med": 1.0906945000000001,
            "max": 13243.298366
        },
        "http_req_sending": {
            "min": 0.016075,
            "med": 0.0954885,
            "max": 9.750022,
            "p(90)": 0.1464589,
            "p(95)": 0.18355764999999982,
            "avg": 0.10649932704151464
        },
        "http_req_duration{expected_response:true}": {
            "avg": 50.47429849511031,
            "min": 0.323649,
            "med": 0.955,
            "max": 13243.062059,
            "p(90)": 208.958459,
            "p(95)": 255.3012435
        },
        "http_req_waiting": {
            "p(90)": 208.55468199999999,
            "p(95)": 255.00208475,
            "avg": 50.11431487001029,
            "min": 0,
            "med": 0.6088895,
            "max": 13242.663057
        },
        "checks": {
            "passes": 70142,
            "fails": 2,
            "value": 0.9999714872262774
        }
    },
    "root_group": {
        "checks": {
            "status is 200": {
                "path": "::status is 200",
                "id": "6210a8cd14cd70477eba5c5e4cb3fb5f",
                "passes": 35071,
                "fails": 1,
                "name": "status is 200"
            },
            "protocol is HTTP/2": {
                "name": "protocol is HTTP/2",
                "path": "::protocol is HTTP/2",
                "id": "3d36483c1e186554563c9853a03e91fd",
                "passes": 35071,
                "fails": 1
            }
        },
        "name": "",
        "path": "",
        "id": "d41d8cd98f00b204e9800998ecf8427e",
        "groups": {}
    }
}