{
    "root_group": {
        "path": "",
        "id": "d41d8cd98f00b204e9800998ecf8427e",
        "groups": {},
        "checks": {
                "status is 200": {
                    "passes": 4512,
                    "fails": 0,
                    "name": "status is 200",
                    "path": "::status is 200",
                    "id": "6210a8cd14cd70477eba5c5e4cb3fb5f"
                },
                "protocol is HTTP/1.1": {
                    "name": "protocol is HTTP/1.1",
                    "path": "::protocol is HTTP/1.1",
                    "id": "c3739b3e61d4b6cd5e86356814a5d436",
                    "passes": 4512,
                    "fails": 0
                }
            },
        "name": ""
    },
    "metrics": {
        "http_req_blocked": {
            "max": 3211.374533,
            "p(90)": 0.0034968000000000004,
            "p(95)": 0.004217249999999999,
            "avg": 4.909315561613479,
            "min": 0.001063,
            "med": 0.002236
        },
        "checks": {
            "passes": 9024,
            "fails": 0,
            "value": 1
        },
        "http_req_waiting": {
            "med": 0.609192,
            "max": 6566.996196,
            "p(90)": 209.7494861,
            "p(95)": 250.26950159999978,
            "avg": 57.7388088554963,
            "min": 0.22905
        },
        "http_reqs": {
            "count": 4512,
            "rate": 15.036770683930975
        },
        "http_req_connecting": {
            "p(90)": 0,
            "p(95)": 0,
            "avg": 4.325872271719858,
            "min": 0,
            "med": 0,
            "max": 3209.023866
        },
        "http_req_duration{expected_response:true}": {
            "med": 0.7626595,
            "max": 6567.784648,
            "p(90)": 213.95830030000005,
            "p(95)": 277.5773446999995,
            "avg": 61.45724863718951,
            "min": 0.333289
        },
        "http_req_failed": {
            "passes": 0,
            "fails": 4512,
            "value": 0
        },
        "vus_max": {
            "value": 1,
            "min": 1,
            "max": 1
        },
        "http_req_tls_handshaking": {
            "med": 0,
            "max": 844.375852,
            "p(90)": 0,
            "p(95)": 0,
            "avg": 0.579893042996454,
            "min": 0
        },
        "data_sent": {
            "count": 499550,
            "rate": 1664.809130132473
        },
        "iteration_duration": {
            "avg": 66.49222652659576,
            "min": 0.425015,
            "med": 0.884413,
            "max": 6567.982451,
            "p(90)": 215.03141910000002,
            "p(95)": 293.93305779999974
        },
        "http_req_duration": {
            "avg": 61.45724863718951,
            "min": 0.333289,
            "med": 0.7626595,
            "max": 6567.784648,
            "p(90)": 213.95830030000005,
            "p(95)": 277.5773446999995
        },
        "iterations": {
            "count": 4512,
            "rate": 15.036770683930975
        },
        "http_req_sending": {
            "min": 0.004645,
            "med": 0.0098775,
            "max": 2.19988,
            "p(90)": 0.016363700000000002,
            "p(95)": 0.02464835,
            "avg": 0.015547589539007069
        },
        "data_received": {
            "count": 188109563,
            "rate": 626897.2434143322
        },
        "http_req_receiving": {
            "avg": 3.7028921921542532,
            "min": 0.035607,
            "med": 0.124657,
            "max": 1528.064293,
            "p(90)": 0.4456727,
            "p(95)": 0.6579837499999993
        },
        "vus": {
            "value": 1,
            "min": 1,
            "max": 1
        }
    }
}