{
    "metrics": {
        "iterations": {
            "count": 31748,
            "rate": 105.79196385465585
        },
        "vus_max": {
            "value": 6,
            "min": 6,
            "max": 6
        },
        "http_req_tls_handshaking": {
            "p(90)": 0,
            "p(95)": 0,
            "avg": 0.06952746188736299,
            "min": 0,
            "med": 0,
            "max": 418.854642
        },
        "data_sent": {
            "rate": 8693.531604506408,
            "count": 2608915
        },
        "checks": {
            "passes": 63496,
            "fails": 0,
            "value": 1
        },
        "http_req_failed": {
            "fails": 31748,
            "passes": 0,
            "value": 0
        },
        "http_reqs": {
            "count": 31748,
            "rate": 105.79196385465585
        },
        "http_req_receiving": {
            "avg": 0.6022784601234727,
            "min": 0.05615,
            "med": 0.17859,
            "max": 256.510779,
            "p(90)": 0.46209929999999994,
            "p(95)": 0.5772108999999999
        },
        "http_req_sending": {
            "med": 0.0821095,
            "max": 44.059351,
            "p(90)": 0.1319909,
            "p(95)": 0.16753984999999993,
            "avg": 0.09904291854604894,
            "min": 0.01439
        },
        "data_received": {
            "rate": 4403638.333091259,
            "count": 1321524856
        },
        "http_req_duration": {
            "p(95)": 261.2766731999997,
            "avg": 56.0384693937258,
            "min": 0.330017,
            "med": 0.9101319999999999,
            "max": 27310.756501,
            "p(90)": 210.6389599
        },
        "http_req_duration{expected_response:true}": {
            "max": 27310.756501,
            "p(90)": 210.6389599,
            "p(95)": 261.2766731999997,
            "avg": 56.0384693937258,
            "min": 0.330017,
            "med": 0.9101319999999999
        },
        "http_req_connecting": {
            "p(90)": 0,
            "p(95)": 0,
            "avg": 0.4530346859959682,
            "min": 0,
            "med": 0,
            "max": 7282.832041
        },
        "http_req_waiting": {
            "min": 0,
            "med": 0.6070800000000001,
            "max": 27310.353433,
            "p(90)": 209.9283141,
            "p(95)": 259.4535451,
            "avg": 55.33714801505609
        },
        "iteration_duration": {
            "med": 1.0385535,
            "max": 27311.290279,
            "p(90)": 210.8672497,
            "p(95)": 261.6174517499999,
            "avg": 56.691733987243616,
            "min": 0.385586
        },
        "vus": {
            "value": 6,
            "min": 6,
            "max": 6
        },
        "http_req_blocked": {
            "p(90)": 0.00038,
            "p(95)": 0.000397,
            "avg": 0.5232396507811473,
            "min": 0.000168,
            "med": 0.000327,
            "max": 7285.112446
        }
    },
    "root_group": {
        "name": "",
        "path": "",
        "id": "d41d8cd98f00b204e9800998ecf8427e",
        "groups": {},
        "checks": {
                "status is 200": {
                    "name": "status is 200",
                    "path": "::status is 200",
                    "id": "6210a8cd14cd70477eba5c5e4cb3fb5f",
                    "passes": 31748,
                    "fails": 0
                },
                "protocol is HTTP/2": {
                    "name": "protocol is HTTP/2",
                    "path": "::protocol is HTTP/2",
                    "id": "3d36483c1e186554563c9853a03e91fd",
                    "passes": 31748,
                    "fails": 0
                }
            }
    }
}