{
    "root_group": {
        "id": "d41d8cd98f00b204e9800998ecf8427e",
        "groups": {},
        "checks": {
                "status is 200": {
                    "passes": 26672,
                    "fails": 0,
                    "name": "status is 200",
                    "path": "::status is 200",
                    "id": "6210a8cd14cd70477eba5c5e4cb3fb5f"
                },
                "protocol is HTTP/1.1": {
                    "fails": 0,
                    "name": "protocol is HTTP/1.1",
                    "path": "::protocol is HTTP/1.1",
                    "id": "c3739b3e61d4b6cd5e86356814a5d436",
                    "passes": 26672
                }
            },
        "name": "",
        "path": ""
    },
    "metrics": {
        "checks": {
            "passes": 53344,
            "fails": 0,
            "value": 1
        },
        "iteration_duration": {
            "avg": 67.50808354262875,
            "min": 0.331607,
            "med": 0.8844194999999999,
            "max": 26637.420823,
            "p(90)": 211.65288240000004,
            "p(95)": 266.0447205499998
        },
        "iterations": {
            "count": 26672,
            "rate": 88.80955520489836
        },
        "http_req_connecting": {
            "min": 0,
            "med": 0,
            "max": 7147.803164,
            "p(90)": 0,
            "p(95)": 0,
            "avg": 2.9169568056013766
        },
        "http_req_duration": {
            "avg": 64.0278719916015,
            "min": 0.279665,
            "med": 0.75842,
            "max": 26637.337489,
            "p(90)": 210.86237110000002,
            "p(95)": 250.07611984999934
        },
        "http_req_blocked": {
            "p(95)": 0.003788449999999997,
            "avg": 3.3568149022945537,
            "min": 0.000888,
            "med": 0.00213,
            "max": 7353.534468,
            "p(90)": 0.003102
        },
        "http_req_tls_handshaking": {
            "p(90)": 0,
            "p(95)": 0,
            "avg": 0.4360371103779247,
            "min": 0,
            "med": 0,
            "max": 412.29293
        },
        "http_req_failed": {
            "passes": 0,
            "fails": 26672,
            "value": 0
        },
        "http_reqs": {
            "rate": 88.80955520489836,
            "count": 26672
        },
        "http_req_receiving": {
            "avg": 2.4192381448710276,
            "min": 0.026053,
            "med": 0.1065055,
            "max": 6578.479309,
            "p(90)": 0.4402378,
            "p(95)": 0.6741976
        },
        "http_req_waiting": {
            "max": 26637.277216,
            "p(90)": 209.7147778,
            "p(95)": 229.44475814999979,
            "avg": 61.59214417561505,
            "min": 0.205359,
            "med": 0.6124989999999999
        },
        "vus_max": {
            "value": 6,
            "min": 6,
            "max": 6
        },
        "vus": {
            "value": 6,
            "min": 6,
            "max": 6
        },
        "http_req_sending": {
            "med": 0.009426,
            "max": 4.138521,
            "p(90)": 0.015901500000000006,
            "p(95)": 0.043461149999999976,
            "avg": 0.016489671115776743,
            "min": 0.003985
        },
        "data_received": {
            "count": 1111975815,
            "rate": 3702537.399848318
        },
        "http_req_duration{expected_response:true}": {
            "avg": 64.0278719916015,
            "min": 0.279665,
            "med": 0.75842,
            "max": 26637.337489,
            "p(90)": 210.86237110000002,
            "p(95)": 250.07611984999934
        },
        "data_sent": {
            "rate": 9828.988865101934,
            "count": 2951921
        }
    }
}