{
    "root_group": {
        "name": "",
        "path": "",
        "id": "d41d8cd98f00b204e9800998ecf8427e",
        "groups": {},
        "checks": {
                "status is 200": {
                    "passes": 4934,
                    "fails": 0,
                    "name": "status is 200",
                    "path": "::status is 200",
                    "id": "6210a8cd14cd70477eba5c5e4cb3fb5f"
                },
                "protocol is HTTP/2": {
                    "fails": 0,
                    "name": "protocol is HTTP/2",
                    "path": "::protocol is HTTP/2",
                    "id": "3d36483c1e186554563c9853a03e91fd",
                    "passes": 4934
                }
            }
    },
    "metrics": {
        "http_req_receiving": {
            "min": 0.061641,
            "med": 0.178091,
            "max": 224.366862,
            "p(90)": 0.4263126,
            "p(95)": 0.5222221999999996,
            "avg": 0.6828803858937982
        },
        "http_req_failed": {
            "passes": 0,
            "fails": 4934,
            "value": 0
        },
        "http_req_sending": {
            "p(90)": 0.1205184,
            "p(95)": 0.14061309999999994,
            "avg": 0.08326300466153201,
            "min": 0.017335,
            "med": 0.071859,
            "max": 14.629792
        },
        "http_req_waiting": {
            "p(90)": 211.1219978,
            "p(95)": 262.21616685,
            "avg": 59.94171204235898,
            "min": 0,
            "med": 0.589223,
            "max": 6975.085753
        },
        "http_req_duration": {
            "p(90)": 211.6890491,
            "p(95)": 264.4606905499998,
            "avg": 60.70785543291467,
            "min": 0.393874,
            "med": 0.887355,
            "max": 6976.013458
        },
        "iterations": {
            "count": 4934,
            "rate": 16.422428755073472
        },
        "http_reqs": {
            "count": 4934,
            "rate": 16.422428755073472
        },
        "http_req_connecting": {
            "min": 0,
            "med": 0,
            "max": 0.93855,
            "p(90)": 0,
            "p(95)": 0,
            "avg": 0.0004909400081070125
        },
        "vus_max": {
            "value": 1,
            "min": 1,
            "max": 1
        },
        "http_req_duration{expected_response:true}": {
            "p(90)": 211.6890491,
            "p(95)": 264.4606905499998,
            "avg": 60.70785543291467,
            "min": 0.393874,
            "med": 0.887355,
            "max": 6976.013458
        },
        "data_sent": {
            "rate": 1359.9295425976236,
            "count": 408581
        },
        "data_received": {
            "count": 205378669,
            "rate": 683586.6557487468
        },
        "iteration_duration": {
            "p(90)": 211.84702489999998,
            "p(95)": 264.5943667499998,
            "avg": 60.88067309647324,
            "min": 0.455773,
            "med": 1.011205,
            "max": 6976.131156
        },
        "http_req_blocked": {
            "avg": 0.044541907377381215,
            "min": 0.000176,
            "med": 0.000323,
            "max": 206.233346,
            "p(90)": 0.000369,
            "p(95)": 0.000392
        },
        "http_req_tls_handshaking": {
            "min": 0,
            "med": 0,
            "max": 205.670767,
            "p(90)": 0,
            "p(95)": 0,
            "avg": 0.04338779732468586
        },
        "checks": {
            "fails": 0,
            "passes": 9868,
            "value": 1
        },
        "vus": {
            "value": 1,
            "min": 1,
            "max": 1
        }
    }
}